Date,Open,High,Low,Close,Up votes,Down votes
2022-02-24,23268.03,23376.37,22786.39,22901.56,0.69,0.31000000000000005
2022-02-25,22908.1,23046.86,22718.15,22767.18,0.36,0.64
2022-02-28,22818.17,22818.17,22406.12,22713.02,0.61,0.39
2022-03-01,22739.84,22937.56,22591.73,22761.71,0.49,0.51
2022-03-02,22568.36,22712.44,22299.14,22343.92,0.48,0.52
2022-03-03,22434.26,22543.42,22378.11,22467.34,0.5,0.5
2022-03-04,21879.13,22017.94,21838.99,21905.29,0.535764705882353,0.46423529411764697
2022-03-07,21308.9,21327.19,20826.36,21057.63,0.41,0.5900000000000001
2022-03-08,21082.39,21303.52,20638.95,20765.87,0.67,0.32999999999999996
2022-03-09,20820.02,20957.72,20102.57,20627.71,0.55,0.44999999999999996
2022-03-10,21106.57,21114.44,20709.62,20890.26,0.73,0.27
2022-03-11,20460.03,20778.86,20079.15,20553.79,0.36,0.64
2022-03-14,20203.84,20203.84,19416.78,19531.66,0.62,0.38
2022-03-15,18931.18,19392.69,18235.48,18415.08,0.41,0.5900000000000001
2022-03-16,18956.02,20120.85,18584.04,20087.5,0.51,0.49
2022-03-17,21430.71,21501.23,20786.69,21501.23,0.7,0.30000000000000004
2022-03-18,21232.88,21646.15,20922.37,21412.4,0.3,0.7
2022-03-21,21823.07,21823.07,21096.31,21221.34,0.57,0.43000000000000005
2022-03-22,21319.19,21906.32,21266.9,21889.28,0.46,0.54
2022-03-26,22088.79,22423.51,21983.1,22154.08,0.28,0.72
2022-03-24,22002.87,22231.67,21900.13,21945.95,0.3,0.7
2022-03-25,21735.61,21944.08,21289.26,21404.88,0.3,0.7
2022-03-28,21422.2,21790.97,21202.69,21684.97,0.49,0.51
2022-03-29,21771.29,21937.27,21722.17,21927.63,0.56,0.43999999999999995
2022-03-30,22101.63,22391.35,22033.78,22232.0,0.74,0.26
2022-03-31,22262.16,22262.16,21922.58,21996.85,0.51,0.49
2022-04-01,21693.1,22039.55,21558.05,22039.55,0.32,0.6799999999999999
2022-04-04,22227.11,22523.64,22124.03,22502.31,0.67,0.32999999999999996
2022-04-06,22220.21,22244.99,22015.12,22080.52,0.53,0.47
2022-04-07,21910.4,22236.93,21779.19,21808.98,0.35,0.65
2022-04-08,21667.53,21872.01,21568.22,21872.01,0.4,0.6
2022-04-11,21688.03,21688.03,21132.54,21208.3,0.63,0.37
2022-04-12,21279.18,21519.13,20988.2,21319.13,0.56,0.43999999999999995
2022-04-13,21192.62,21531.48,21141.06,21374.37,0.67,0.32999999999999996
2022-04-14,21463.35,21587.47,21358.73,21518.08,0.61,0.39
2022-04-19,21106.0,21191.8,20896.43,21027.76,0.45,0.55
2022-04-20,20972.84,21214.98,20889.02,20944.67,0.5,0.5
2022-04-21,20780.86,20920.6,20483.86,20682.22,0.48,0.52
2022-04-22,20261.61,20709.49,20184.96,20638.52,0.48,0.52
2022-04-25,20284.6,20284.6,19784.28,19869.34,0.56,0.43999999999999995
2022-04-26,19989.04,20258.64,19858.36,19934.71,0.46,0.54
2022-04-27,19723.46,20053.11,19665.49,19946.36,0.33,0.6699999999999999
2022-04-28,20118.79,20286.83,19956.67,20276.17,0.58,0.42000000000000004
2022-04-29,20271.4,21176.58,20040.07,21089.39,0.57,0.43000000000000005
2022-05-03,20927.62,21291.8,20648.53,21101.89,0.47,0.53
2022-05-04,21025.7,21047.13,20772.8,20869.52,0.59,0.41000000000000003
2022-05-05,21163.15,21284.85,20776.97,20793.4,0.49,0.51
2022-05-06,20287.06,20320.28,19973.47,20001.96,0.31,0.69
2022-05-10,19300.68,19758.63,19178.89,19633.69,0.28,0.72
2022-05-11,19511.8,20083.49,19474.03,19824.57,0.58,0.42000000000000004
2022-05-12,19556.89,19731.27,19342.89,19380.34,0.52,0.48
2022-05-13,19615.99,19925.44,19608.26,19898.77,0.37,0.63
2022-05-16,20131.53,20173.22,19764.96,19950.21,0.52,0.48
2022-05-17,20193.6,20626.42,20169.24,20602.52,0.67,0.32999999999999996
2022-05-18,20674.23,20711.93,20389.61,20644.28,0.67,0.32999999999999996
2022-05-19,20146.96,20277.94,19924.87,20120.68,0.37,0.63
2022-05-20,20470.95,20794.13,20408.68,20717.24,0.52,0.48
2022-05-23,20608.65,20642.76,20303.55,20470.06,0.57,0.43000000000000005
2022-05-24,20420.14,20509.62,19989.62,20112.1,0.6,0.4
2022-05-25,20115.56,20370.74,20067.98,20171.27,0.4,0.6
2022-05-26,20272.22,20272.22,19890.76,20116.2,0.58,0.42000000000000004
2022-05-27,20646.06,20779.75,20494.15,20697.36,0.78,0.21999999999999997
2022-05-30,20933.5,21169.08,20885.02,21123.93,0.66,0.33999999999999997
2022-05-31,21106.41,21415.2,21029.72,21415.2,0.67,0.32999999999999996
2022-06-01,21407.79,21411.95,21154.04,21294.94,0.54,0.45999999999999996
2022-06-02,21057.04,21115.78,20884.16,21082.13,0.57,0.43000000000000005
2022-06-06,21282.51,21691.92,21030.07,21653.9,0.62,0.38
2022-06-07,21577.48,21744.46,21394.59,21531.67,0.74,0.26
2022-06-08,21788.89,22064.12,21734.49,22014.59,0.55,0.44999999999999996
2022-06-09,22121.53,22142.82,21737.94,21869.05,0.57,0.43000000000000005
2022-06-10,21522.5,21935.01,21487.91,21806.18,0.45,0.55
2022-06-13,21162.53,21320.15,20993.76,21067.58,0.36,0.64
2022-06-14,20783.54,21175.01,20717.64,21067.99,0.29,0.71
2022-06-15,21111.32,21431.07,21111.32,21308.21,0.59,0.41000000000000003
2022-06-16,21515.64,21545.84,20697.41,20845.43,0.61,0.39
2022-06-17,20716.74,21145.94,20697.17,21075.0,0.35,0.65
2022-06-20,20948.8,21175.98,20839.02,21163.91,0.65,0.35
2022-06-21,21264.98,21564.87,21175.95,21559.59,0.61,0.39
2022-06-22,21469.74,21519.58,21008.34,21008.34,0.67,0.32999999999999996
2022-06-23,21157.58,21443.59,21010.89,21273.87,0.52,0.48
2022-06-24,21450.68,21762.67,21408.66,21719.06,0.64,0.36
2022-06-27,21976.8,22414.43,21976.8,22229.52,0.62,0.38
2022-06-28,22144.63,22449.31,21952.44,22418.97,0.57,0.43000000000000005
2022-06-29,22125.61,22289.07,21844.05,21996.89,0.69,0.31000000000000005
2022-06-30,21917.45,22111.91,21719.17,21859.79,0.55,0.44999999999999996
2022-07-04,21690.68,21886.35,21458.63,21830.35,0.43,0.5700000000000001
2022-07-05,22053.16,22198.51,21799.19,21853.07,0.6,0.4
2022-07-06,21777.64,21833.4,21286.66,21586.66,0.36,0.64
2022-07-07,21352.7,21643.58,21200.93,21643.58,0.5,0.5
2022-07-08,21961.75,21961.75,21614.65,21725.78,0.73,0.27
2022-07-11,21470.77,21470.77,21001.63,21124.2,0.5,0.5
2022-07-12,20905.07,21084.09,20779.59,20844.74,0.41,0.5900000000000001
2022-07-13,20911.53,21040.34,20751.48,20797.95,0.53,0.47
2022-07-14,20818.27,20888.8,20554.15,20751.21,0.34,0.6599999999999999
2022-07-15,20522.11,20656.96,20215.97,20297.72,0.38,0.62
2022-07-18,20479.58,20866.33,20294.14,20846.18,0.535764705882353,0.46423529411764697
2022-07-19,20719.2,20758.71,20549.44,20661.06,0.68,0.31999999999999995
2022-07-20,20968.42,21111.78,20884.92,20890.22,0.63,0.37
2022-07-21,20811.6,20827.61,20527.35,20574.63,0.47,0.53
2022-07-22,20717.47,20788.46,20513.8,20609.14,0.51,0.49
2022-07-25,20516.34,20595.09,20353.68,20562.94,0.52,0.48
2022-07-26,20676.68,20952.45,20631.82,20905.88,0.56,0.43999999999999995
2022-07-27,20684.48,20770.1,20572.42,20670.04,0.52,0.48
2022-07-28,20705.46,20772.63,20533.42,20622.68,0.57,0.43000000000000005
2022-07-29,20647.45,20647.45,20050.05,20156.51,0.51,0.49
2022-08-01,20026.6,20251.43,19883.92,20165.84,0.54,0.45999999999999996
2022-08-02,19943.16,19943.16,19515.54,19689.21,0.46,0.54
2022-08-03,19865.69,19921.91,19685.48,19767.09,0.44,0.56
2022-08-04,20011.25,20216.58,19995.46,20174.04,0.535764705882353,0.46423529411764697
2022-08-05,20283.59,20283.59,20096.54,20201.94,0.66,0.33999999999999997
2022-08-08,20065.35,20171.89,19954.04,20045.77,0.47,0.53
2022-08-09,20039.3,20250.87,19856.23,20003.44,0.61,0.39
2022-08-10,19956.51,19956.51,19469.11,19610.84,0.45,0.55
2022-08-11,19840.57,20082.43,19789.96,20082.43,0.535764705882353,0.46423529411764697
2022-08-12,20158.29,20208.02,20011.38,20175.62,0.73,0.27
2022-08-15,20038.48,20260.66,19984.04,20040.86,0.47,0.53
2022-08-16,20107.14,20173.4,19662.61,19830.52,0.5,0.5
2022-08-17,19995.77,20069.85,19800.58,19922.45,0.52,0.48
2022-08-18,19991.94,19991.94,19675.46,19763.91,0.47,0.53
2022-08-19,19656.8,19898.18,19656.8,19773.03,0.55,0.44999999999999996
2022-08-22,19572.42,19825.93,19564.19,19656.98,0.46,0.54
2022-08-23,19644.23,19701.55,19377.09,19503.25,0.44,0.56
2022-08-24,19542.24,19542.24,19189.54,19268.74,0.52,0.48
2022-08-25,19418.46,19990.31,19418.46,19968.38,0.47,0.53
2022-08-26,20138.69,20185.15,20050.97,20170.04,0.68,0.31999999999999995
2022-08-29,19960.29,20073.94,19889.67,20023.22,0.71,0.29000000000000004
2022-08-30,20062.73,20062.73,19645.57,19949.03,0.6,0.4
2022-08-31,19589.85,20173.02,19564.84,19954.39,0.43,0.5700000000000001
2022-09-01,19761.72,19839.51,19532.86,19597.31,0.56,0.43999999999999995
2022-09-02,19572.47,19630.8,19342.49,19452.09,0.45,0.55
2022-09-05,19299.09,19299.09,19064.79,19225.7,0.535764705882353,0.46423529411764697
2022-09-06,19261.7,19358.02,19107.6,19202.73,0.55,0.44999999999999996
2022-09-07,18915.87,19068.9,18818.78,19044.3,0.47,0.53
2022-09-08,19043.84,19075.74,18803.76,18854.62,0.51,0.49
2022-09-09,18893.65,19417.56,18893.65,19362.25,0.43,0.5700000000000001
2022-09-13,19404.64,19492.06,19296.25,19326.86,0.69,0.31000000000000005
2022-09-14,18933.3,18989.22,18797.79,18847.1,0.27,0.73
2022-09-15,18833.9,19013.03,18833.9,18930.38,0.49,0.51
2022-09-16,18732.44,18905.28,18678.22,18761.69,0.5,0.5
2022-09-19,18695.35,18697.09,18494.54,18565.97,0.535764705882353,0.46423529411764697
2022-09-20,18700.68,18861.47,18685.46,18781.42,0.55,0.44999999999999996
2022-09-21,18638.85,18638.85,18434.65,18444.62,0.44,0.56
2022-09-22,18080.93,18195.09,17965.33,18147.95,0.47,0.53
2022-09-23,18055.59,18165.95,17926.29,17933.27,0.48,0.52
2022-09-26,17781.87,18077.64,17727.4,17855.14,0.36,0.64
2022-09-27,17838.65,17904.21,17648.42,17860.31,0.52,0.48
2022-09-28,17703.39,17703.39,17184.54,17250.88,0.535764705882353,0.46423529411764697
2022-09-29,17570.17,17629.67,17046.83,17165.87,0.53,0.47
2022-09-30,17165.93,17344.81,17016.28,17222.83,0.33,0.6699999999999999
2022-10-03,17050.25,17252.11,16906.96,17079.51,0.55,0.44999999999999996
2022-10-05,17811.97,18164.2,17682.85,18087.97,0.82,0.18000000000000005
2022-10-06,18100.48,18143.85,17958.14,18012.15,0.49,0.51
2022-10-07,17851.62,17881.87,17717.73,17740.05,0.55,0.44999999999999996
2022-10-10,17449.36,17449.36,17174.61,17216.66,0.535764705882353,0.46423529411764697
2022-10-11,17194.73,17206.51,16789.97,16832.36,0.4,0.6
2022-10-12,16758.27,17040.7,16438.6,16701.03,0.38,0.62
2022-10-13,16700.65,16736.59,16389.11,16389.11,0.54,0.45999999999999996
2022-10-14,16671.68,17028.68,16535.37,16587.69,0.33,0.6699999999999999
2022-10-17,16479.74,16754.52,16308.95,16612.9,0.38,0.62
2022-10-18,16860.2,16914.58,16558.41,16914.58,0.54,0.45999999999999996
2022-10-19,16805.91,16923.12,16508.37,16511.28,0.74,0.26
2022-10-20,16230.79,16452.97,16010.72,16280.22,0.43,0.5700000000000001
2022-10-21,16331.11,16359.04,16137.18,16211.12,0.535764705882353,0.46423529411764697
2022-10-24,15894.75,15993.88,15082.84,15180.69,0.38,0.62
2022-10-25,15242.1,15435.37,14947.39,15165.59,0.57,0.43000000000000005
2022-10-26,15096.32,15584.06,15041.4,15317.67,0.57,0.43000000000000005
2022-10-27,15721.27,15833.28,15410.97,15427.94,0.62,0.38
2022-10-28,15424.94,15441.99,14770.09,14863.06,0.51,0.49
2022-10-31,14830.69,15113.15,14597.31,14687.02,0.51,0.49
2022-11-01,14859.92,15632.85,14859.92,15455.27,0.46,0.54
2022-11-02,15389.55,15867.24,15276.76,15827.17,0.6,0.4
2022-11-03,15477.74,15623.18,15301.67,15339.49,0.54,0.45999999999999996
2022-11-04,15442.76,16513.16,15442.76,16161.14,0.42,0.5800000000000001
2022-11-07,16031.79,16821.89,15980.85,16595.91,0.67,0.32999999999999996
2022-11-08,16640.6,16719.01,16429.81,16557.31,0.59,0.41000000000000003
2022-11-09,16552.8,16730.2,16213.03,16358.52,0.535764705882353,0.46423529411764697
2022-11-10,16138.22,16138.22,15945.2,16081.04,0.43,0.5700000000000001
2022-11-11,17120.05,17368.04,16829.0,17325.66,0.79,0.20999999999999996
2022-11-14,17999.26,18011.64,17518.88,17619.71,0.535764705882353,0.46423529411764697
2022-11-15,17665.8,18356.78,17552.3,18343.12,0.5,0.5
2022-11-16,18169.21,18414.09,18031.87,18256.48,0.535764705882353,0.46423529411764697
2022-11-17,18071.6,18220.81,17711.84,18045.66,0.5,0.5
2022-11-18,18316.36,18378.06,17910.19,17992.54,0.35,0.65
2022-11-21,17654.15,17746.34,17389.45,17655.91,0.535764705882353,0.46423529411764697
2022-11-22,17625.19,17751.93,17287.6,17424.41,0.535764705882353,0.46423529411764697
2022-11-23,17460.9,17640.84,17375.96,17523.81,0.5,0.5
2022-11-24,17684.53,17759.24,17517.12,17660.9,0.55,0.44999999999999996
2022-11-25,17673.2,17673.2,17412.04,17573.58,0.59,0.41000000000000003
2022-11-28,17000.23,17364.21,16833.68,17297.94,0.535764705882353,0.46423529411764697
2022-11-29,17558.6,18204.68,17536.45,18204.68,0.49,0.51
2022-11-30,18141.56,18645.35,18052.32,18597.23,0.62,0.38
2022-12-01,19058.9,19237.45,18679.35,18736.44,0.7,0.30000000000000004
2022-12-02,18785.28,18841.22,18530.82,18675.35,0.52,0.48
2022-12-05,19221.68,19539.6,19035.14,19518.29,0.45,0.55
2022-12-06,19211.7,19569.67,19202.87,19441.18,0.61,0.39
2022-12-07,19380.8,19737.31,18799.81,18814.82,0.63,0.37
2022-12-08,18965.05,19521.6,18965.05,19450.23,0.42,0.5800000000000001
2022-12-09,19484.23,19926.48,19404.5,19900.87,0.66,0.33999999999999997
2022-12-12,19594.52,19718.08,19366.22,19463.63,0.535764705882353,0.46423529411764697
2022-12-13,19458.02,19707.75,19382.3,19596.2,0.51,0.49
2022-12-14,19775.33,19859.75,19528.71,19673.45,0.8,0.19999999999999996
2022-12-15,19612.67,19675.68,19233.86,19368.59,0.57,0.43000000000000005
2022-12-16,19343.7,19621.13,19130.53,19450.67,0.58,0.42000000000000004
2022-12-19,19472.21,19786.29,19255.95,19352.81,0.535764705882353,0.46423529411764697
2022-12-20,19156.94,19283.14,18885.2,19094.8,0.54,0.45999999999999996
2022-12-21,19190.91,19255.74,19063.3,19160.49,0.48,0.52
2022-12-22,19537.45,19735.0,19475.68,19679.22,0.535764705882353,0.46423529411764697
2022-12-23,19382.23,19686.77,19380.47,19593.06,0.535764705882353,0.46423529411764697
2022-12-28,19787.94,20099.77,19787.94,19898.91,0.75,0.25
2022-12-29,19648.4,19764.52,19539.84,19741.14,0.67,0.32999999999999996
2022-12-30,20030.85,20073.92,19781.41,19781.41,0.67,0.32999999999999996
2023-01-03,19570.43,20212.55,19303.73,20145.29,0.535764705882353,0.46423529411764697
2023-01-04,20319.98,20793.11,20233.39,20793.11,0.74,0.26
2023-01-05,21295.87,21396.09,20962.4,21052.17,0.72,0.28
2023-01-06,21220.89,21282.71,20862.77,20991.64,0.55,0.44999999999999996
2023-01-09,21295.94,21470.69,21216.92,21388.34,0.535764705882353,0.46423529411764697
2023-01-10,21370.42,21395.42,21187.73,21331.46,0.69,0.31000000000000005
2023-01-11,21463.82,21686.3,21327.41,21436.05,0.56,0.43999999999999995
2023-01-12,21599.82,21698.94,21223.84,21514.1,0.6,0.4
2023-01-13,21605.07,21770.08,21474.98,21738.66,0.63,0.37
2023-01-16,21818.65,21947.55,21572.51,21746.72,0.535764705882353,0.46423529411764697
2023-01-17,21678.05,21797.62,21417.25,21577.64,0.53,0.47
2023-01-18,21514.8,21691.67,21422.19,21678.0,0.52,0.48
2023-01-19,21452.26,21754.08,21383.03,21650.98,0.62,0.38
2023-01-20,21812.46,22051.77,21754.35,22044.65,0.57,0.43000000000000005
2023-01-26,22386.37,22566.78,22329.07,22566.78,0.535764705882353,0.46423529411764697
2023-01-27,22614.92,22700.85,22483.78,22688.9,0.75,0.25
2023-01-30,22579.88,22623.81,21992.51,22069.73,0.65,0.35
2023-01-31,22190.27,22284.32,21631.55,21842.33,0.49,0.51
2023-02-01,21920.8,22072.18,21703.6,22072.18,0.58,0.42000000000000004
2023-02-02,22276.23,22311.96,21930.53,21958.36,0.68,0.31999999999999995
2023-02-03,21811.08,21820.78,21459.65,21660.47,0.55,0.44999999999999996
2023-02-06,21349.17,21349.17,21085.72,21222.16,0.55,0.44999999999999996
2023-02-07,21288.39,21512.21,21259.21,21298.7,0.44,0.56
2023-02-08,21283.9,21443.48,21178.87,21283.52,0.57,0.43000000000000005
2023-02-09,21154.25,21637.55,21151.27,21624.36,0.55,0.44999999999999996
2023-02-10,21559.44,21579.99,21157.52,21190.42,0.69,0.31000000000000005
2023-02-13,20910.08,21230.15,20799.91,21164.42,0.535764705882353,0.46423529411764697
2023-02-14,21235.92,21237.88,21074.94,21113.76,0.62,0.38
2023-02-15,21116.84,21117.58,20726.83,20812.17,0.55,0.44999999999999996
2023-02-16,20947.07,21306.54,20887.7,20987.67,0.47,0.53
2023-02-17,20958.63,21056.68,20703.74,20719.81,0.43,0.5700000000000001
2023-02-20,20681.47,20973.67,20606.85,20886.96,0.535764705882353,0.46423529411764697
2023-02-21,20859.5,20941.3,20503.05,20529.49,0.66,0.33999999999999997
2023-02-22,20512.49,20620.98,20344.86,20423.84,0.46,0.54
2023-02-23,20339.15,20601.22,20323.24,20351.35,0.61,0.39
2023-02-24,20223.67,20233.64,20006.78,20010.04,0.62,0.38
2023-02-27,19821.03,20086.53,19804.56,19943.51,0.535764705882353,0.46423529411764697
2023-02-28,20020.17,20185.05,19783.07,19785.94,0.59,0.41000000000000003
2023-03-01,19849.97,20674.07,19849.97,20619.71,0.54,0.45999999999999996
2023-03-02,20390.02,20548.57,20321.25,20429.46,0.7,0.30000000000000004
2023-03-03,20703.14,20727.25,20498.16,20567.54,0.56,0.43999999999999995
2023-03-06,20437.87,20702.75,20410.0,20603.19,0.535764705882353,0.46423529411764697
2023-03-07,20606.83,21005.66,20358.78,20534.48,0.64,0.36
2023-03-08,20256.89,20269.93,19969.47,20051.25,0.49,0.51
2023-03-09,20082.42,20157.24,19907.58,19925.74,0.47,0.53
2023-03-10,19580.78,19637.72,19281.97,19319.92,0.44,0.56
2023-03-13,19411.88,19791.64,19390.38,19695.97,0.46,0.54
2023-03-14,19524.51,19639.52,19122.82,19247.96,0.41,0.5900000000000001
2023-03-15,19523.49,19745.44,19431.09,19539.87,0.59,0.41000000000000003
2023-03-16,19197.97,19388.77,19109.07,19203.91,0.27,0.73
2023-03-17,19439.84,19597.18,19303.29,19518.59,0.55,0.44999999999999996
2023-03-20,19352.9,19382.97,18829.11,19000.71,0.535764705882353,0.46423529411764697
2023-03-21,19118.87,19295.64,19018.1,19258.76,0.55,0.44999999999999996
2023-03-22,19428.36,19775.69,19428.36,19591.43,0.66,0.33999999999999997
2023-03-23,19619.74,20051.26,19523.5,20049.64,0.61,0.39
2023-03-24,19919.65,20118.29,19834.45,19915.68,0.7,0.30000000000000004
2023-03-27,19851.79,19938.77,19509.49,19567.69,0.535764705882353,0.46423529411764697
2023-03-28,19688.31,19875.11,19559.47,19784.65,0.5,0.5
2023-03-29,20348.64,20437.69,20107.73,20192.4,0.7,0.30000000000000004
2023-03-30,20216.79,20320.02,20017.17,20309.13,0.535764705882353,0.46423529411764697
2023-03-31,20583.88,20721.97,20357.41,20400.11,0.535764705882353,0.46423529411764697
2023-04-03,20379.5,20475.43,20226.95,20409.18,0.535764705882353,0.46423529411764697
2023-04-04,20364.36,20364.36,20126.9,20274.59,0.66,0.33999999999999997
2023-04-06,20146.22,20343.86,20099.48,20331.2,0.58,0.42000000000000004
2023-04-11,20566.59,20750.73,20293.37,20485.24,0.535764705882353,0.46423529411764697
2023-04-12,20481.53,20494.81,20236.92,20309.86,0.66,0.33999999999999997
2023-04-13,19977.96,20344.48,19885.53,20344.48,0.57,0.43000000000000005
2023-04-14,20422.72,20482.68,20297.16,20438.81,0.68,0.31999999999999995
2023-04-17,20374.51,20864.74,20299.15,20782.45,0.535764705882353,0.46423529411764697
2023-04-18,20643.41,20742.39,20559.08,20650.51,0.68,0.31999999999999995
2023-04-19,20633.0,20633.0,20336.71,20367.76,0.71,0.29000000000000004
2023-04-20,20354.83,20472.5,20308.33,20396.97,0.59,0.41000000000000003
2023-04-21,20330.15,20378.9,19974.91,20075.73,0.535764705882353,0.46423529411764697
2023-04-24,20049.87,20146.37,19734.68,19959.94,0.535764705882353,0.46423529411764697
2023-04-25,19903.53,19910.28,19527.63,19617.88,0.535764705882353,0.46423529411764697
2023-04-26,19520.97,19903.73,19520.97,19757.27,0.42,0.5800000000000001
2023-04-27,19736.35,19880.29,19662.6,19840.28,0.61,0.39
2023-04-28,19936.02,20167.88,19879.07,19894.57,0.6,0.4
2023-05-02,20122.9,20286.46,19761.13,19933.81,0.59,0.41000000000000003
2023-05-03,19686.15,19721.96,19538.72,19699.16,0.49,0.51
2023-05-04,19695.73,19979.77,19695.73,19948.73,0.51,0.49
2023-05-05,20061.0,20208.75,19968.41,20049.31,0.61,0.39
2023-05-08,20128.18,20321.74,20081.7,20297.03,0.535764705882353,0.46423529411764697
2023-05-09,20252.13,20297.83,19817.78,19867.58,0.68,0.31999999999999995
2023-05-10,19860.5,19880.03,19696.59,19762.2,0.535764705882353,0.46423529411764697
2023-05-11,19842.98,19854.49,19567.62,19743.79,0.535764705882353,0.46423529411764697
2023-05-12,19850.84,19853.37,19596.49,19627.24,0.6,0.4
2023-05-15,19525.06,20063.35,19498.04,19971.13,0.535764705882353,0.46423529411764697
2023-05-16,20183.28,20183.28,19891.49,19978.25,0.66,0.33999999999999997
2023-05-17,19956.13,19987.93,19538.09,19560.57,0.52,0.48
2023-05-18,19702.73,19894.23,19630.76,19727.25,0.55,0.44999999999999996
2023-05-19,19535.49,19610.72,19352.81,19450.57,0.535764705882353,0.46423529411764697
2023-05-22,19479.06,19806.44,19410.07,19678.17,0.66,0.33999999999999997
2023-05-23,19713.46,19769.14,19363.5,19431.25,0.535764705882353,0.46423529411764697
2023-05-24,19279.39,19304.2,19046.8,19115.93,0.56,0.43999999999999995
2023-05-25,18930.23,18930.23,18620.84,18746.92,0.39,0.61
2023-05-29,18827.08,18879.09,18517.86,18551.11,0.49,0.51
2023-05-30,18574.19,18666.71,18369.93,18595.78,0.42,0.5800000000000001
2023-05-31,18415.0,18415.0,18044.86,18234.27,0.5,0.5
2023-06-01,18190.27,18465.64,18190.27,18216.91,0.47,0.53
2023-06-02,18566.81,19024.91,18548.3,18949.94,0.51,0.49
2023-06-05,19014.96,19123.8,18896.13,19108.5,0.535764705882353,0.46423529411764697
2023-06-06,19117.11,19377.38,19033.85,19099.28,0.56,0.43999999999999995
2023-06-07,19327.15,19410.48,19196.09,19252.0,0.535764705882353,0.46423529411764697
2023-06-08,19227.84,19339.82,19087.66,19299.18,0.61,0.39
2023-06-09,19333.43,19463.61,19231.13,19389.95,0.61,0.39
2023-06-12,19440.99,19440.99,19255.65,19404.31,0.535764705882353,0.46423529411764697
2023-06-13,19355.65,19572.42,19273.42,19521.42,0.59,0.41000000000000003
2023-06-14,19547.58,19641.16,19352.34,19408.42,0.73,0.27
2023-06-15,19626.8,19832.2,19510.76,19828.92,0.61,0.39
2023-06-16,19915.44,20155.92,19876.42,20040.37,0.69,0.31000000000000005
2023-06-19,19983.4,20000.22,19718.43,19912.89,0.535764705882353,0.46423529411764697
2023-06-20,19863.86,19863.86,19504.63,19607.08,0.62,0.38
2023-06-21,19305.24,19377.69,19174.16,19218.35,0.45,0.55
2023-06-23,19135.02,19138.42,18800.34,18889.97,0.535764705882353,0.46423529411764697
2023-06-26,18845.9,19001.62,18767.15,18794.13,0.535764705882353,0.46423529411764697
2023-06-27,18851.66,19226.32,18842.42,19148.13,0.59,0.41000000000000003
2023-06-28,19099.39,19222.13,19019.26,19172.05,0.64,0.36
2023-06-29,19180.28,19180.28,18837.32,18934.36,0.48,0.52
2023-06-30,18881.43,19070.11,18838.62,18916.43,0.41,0.5900000000000001
2023-07-03,19002.55,19371.71,19002.55,19306.59,0.535764705882353,0.46423529411764697
2023-07-04,19289.06,19449.11,19253.22,19415.68,0.66,0.33999999999999997
2023-07-05,19355.06,19378.9,19095.6,19110.38,0.535764705882353,0.46423529411764697
2023-07-06,18840.41,18973.01,18483.08,18533.05,0.47,0.53
2023-07-07,18435.46,18537.75,18279.73,18365.7,0.35,0.65
2023-07-10,18747.5,18781.21,18417.63,18479.72,0.535764705882353,0.46423529411764697
2023-07-11,18671.42,18806.55,18573.67,18659.83,0.69,0.31000000000000005
2023-07-12,18797.01,18932.18,18739.6,18860.95,0.59,0.41000000000000003
2023-07-13,19181.31,19368.92,19163.21,19350.62,0.535764705882353,0.46423529411764697
2023-07-14,19534.82,19534.82,19364.6,19413.78,0.69,0.31000000000000005
2023-07-18,19324.34,19324.34,18979.92,19015.72,0.4,0.6
2023-07-19,18826.59,19004.42,18711.03,18952.31,0.535764705882353,0.46423529411764697
2023-07-20,19003.28,19215.74,18888.76,18928.02,0.49,0.51
2023-07-21,18918.7,19169.75,18886.43,19075.26,0.53,0.47
2023-07-24,18867.61,18946.56,18562.12,18668.15,0.535764705882353,0.46423529411764697
2023-07-25,19172.28,19465.27,19111.82,19434.4,0.53,0.47
2023-07-26,19340.77,19404.5,19245.66,19365.14,0.535764705882353,0.46423529411764697
2023-07-27,19502.09,19685.79,19482.47,19639.11,0.535764705882353,0.46423529411764697
2023-07-28,19418.48,19940.59,19381.9,19916.56,0.535764705882353,0.46423529411764697
2023-07-31,20237.53,20361.03,20019.79,20078.94,0.535764705882353,0.46423529411764697
2023-08-01,20211.2,20331.28,19891.81,20011.12,0.58,0.42000000000000004
2023-08-02,19902.77,19981.0,19475.15,19517.38,0.47,0.53
2023-08-03,19404.14,19650.16,19369.06,19420.87,0.43,0.5700000000000001
2023-08-04,19671.13,19857.39,19461.61,19539.46,0.61,0.39
2023-08-07,19474.66,19581.82,19352.35,19537.92,0.535764705882353,0.46423529411764697
2023-08-08,19308.55,19370.8,19112.61,19184.17,0.53,0.47
2023-08-09,19059.58,19270.48,19056.1,19246.03,0.31,0.69
2023-08-10,19125.0,19315.17,19030.39,19248.26,0.48,0.52
2023-08-11,19319.91,19346.29,19049.92,19075.19,0.535764705882353,0.46423529411764697
2023-08-14,18697.33,18792.72,18554.51,18773.55,0.535764705882353,0.46423529411764697
2023-08-15,18599.2,18745.82,18513.78,18581.11,0.35,0.65
2023-08-16,18356.65,18440.96,18261.85,18329.3,0.35,0.65
2023-08-17,18023.11,18399.2,17900.77,18326.63,0.535764705882353,0.46423529411764697
2023-08-18,18208.98,18336.41,17936.43,17950.85,0.535764705882353,0.46423529411764697
2023-08-21,17798.47,17867.66,17587.38,17623.29,0.535764705882353,0.46423529411764697
2023-08-22,17641.86,17965.26,17573.7,17791.01,0.41,0.5900000000000001
2023-08-23,17762.76,18000.53,17730.79,17845.92,0.51,0.49
2023-08-24,17992.73,18272.95,17945.01,18212.17,0.58,0.42000000000000004
2023-08-25,18037.6,18137.65,17969.41,18119.39,0.54,0.45999999999999996
2023-08-28,18519.08,18564.43,18113.23,18130.74,0.535764705882353,0.46423529411764697
2023-08-29,18261.69,18583.8,18239.92,18484.03,0.58,0.42000000000000004
2023-08-30,18659.96,18742.14,18427.22,18482.86,0.67,0.32999999999999996
2023-08-31,18580.47,18667.18,18312.76,18382.06,0.51,0.49
2023-09-04,18592.53,18899.49,18575.45,18844.16,0.535764705882353,0.46423529411764697
2023-09-05,18717.42,18725.5,18431.72,18456.91,0.66,0.33999999999999997
2023-09-06,18405.09,18492.59,18256.1,18449.98,0.49,0.51
2023-09-07,18437.48,18437.48,18173.44,18202.07,0.56,0.43999999999999995
2023-09-11,17941.65,18164.61,17842.37,18096.45,0.535764705882353,0.46423529411764697
2023-09-12,18015.56,18145.58,17892.01,18025.89,0.51,0.49
2023-09-13,18131.1,18200.52,17954.97,18009.22,0.51,0.49
2023-09-14,18101.96,18173.54,17928.63,18047.92,0.51,0.49
2023-09-15,18154.01,18372.65,18030.79,18182.89,0.62,0.38
2023-09-18,18069.04,18114.82,17894.81,17930.55,0.535764705882353,0.46423529411764697
2023-09-19,17942.07,18004.74,17832.3,17997.17,0.39,0.61
2023-09-20,17939.25,17995.38,17833.2,17885.6,0.48,0.52
2023-09-21,17795.8,17823.82,17623.87,17655.41,0.53,0.47
2023-09-22,17578.26,18078.69,17573.81,18057.45,0.35,0.65
2023-09-25,18046.89,18046.89,17722.49,17729.29,0.535764705882353,0.46423529411764697
2023-09-26,17661.85,17718.18,17379.44,17466.9,0.38,0.62
2023-09-27,17472.11,17655.31,17472.11,17611.87,0.42,0.5800000000000001
2023-09-28,17587.08,17627.73,17352.83,17373.03,0.47,0.53
2023-09-29,17484.95,17935.15,17482.39,17809.66,0.57,0.43000000000000005
2023-10-03,17546.39,17546.39,17212.87,17331.22,0.535764705882353,0.46423529411764697
2023-10-04,17266.82,17266.82,17094.0,17195.84,0.38,0.62
2023-10-05,17249.97,17336.43,17197.61,17213.87,0.24,0.76
2023-10-06,17370.03,17603.8,17370.03,17485.98,0.46,0.54
2023-10-09,17500.37,17633.19,17447.76,17517.4,0.535764705882353,0.46423529411764697
2023-10-10,17726.63,17916.62,17638.01,17664.73,0.46,0.54
2023-10-11,17956.83,18022.45,17889.71,17893.1,0.64,0.36
2023-10-12,18258.26,18290.91,18175.35,18238.21,0.535764705882353,0.46423529411764697
2023-10-13,17946.77,18013.67,17776.95,17813.45,0.5,0.5
2023-10-16,17803.31,17858.18,17601.5,17640.36,0.535764705882353,0.46423529411764697
2023-10-17,17806.23,17815.71,17671.99,17773.34,0.5,0.5
2023-10-18,17728.25,17831.18,17625.89,17732.52,0.46,0.54
2023-10-19,17540.46,17540.46,17292.36,17295.89,0.42,0.5800000000000001
2023-10-20,17127.26,17309.74,17118.07,17172.13,0.48,0.52
2023-10-24,17053.15,17139.53,16879.66,16991.53,0.67,0.32999999999999996
2023-10-25,17465.43,17465.82,17001.43,17085.33,0.58,0.42000000000000004
2023-10-26,17085.12,17174.08,16917.22,17044.61,0.63,0.37
2023-10-27,17160.23,17497.72,17078.24,17398.0,0.535764705882353,0.46423529411764697
2023-10-30,17225.65,17406.36,17225.65,17406.36,0.535764705882353,0.46423529411764697
2023-10-31,17337.7,17337.7,17042.1,17112.48,0.61,0.39
2023-11-01,17139.4,17188.85,16979.26,17101.78,0.42,0.5800000000000001
2023-11-02,17282.39,17459.43,17176.01,17230.59,0.51,0.49
2023-11-03,17405.91,17729.43,17352.6,17664.12,0.67,0.32999999999999996
